Dataset,Train Loss,Val Loss,Train MAE,Val MAE
ShanghaiTechA,0.004854153125103362,0.010384950574835017,60.48777256356118,80.56394977451508
ShanghaiTechB,0.002927076562551681,0.006205306973245343,8.146331769068354,12.187983258171693
UCF-QNRF,0.007854153125103363,0.015513267433113355,90.97554512712236,110.93991629085846
UCF-CC-50,0.009781229687655043,0.020641584291391697,221.46331769068354,261.50386606537353
