Split,Count,Min,Max,Mean,Std
Train,30,96,3406,1190.8666666666666,890.2851047928929
Validation,10,440,4633,1780.6,1249.4827552053512
Test,10,248,2105,1044.2,734.9453192056006
All,50,96,4633,1279.48,960.4222549249378
